county,districtLink
bedfordshire,/towns/arlesey/bedfordshire/
bedfordshire,/towns/bedford/bedfordshire/
bedfordshire,/towns/biggleswade/bedfordshire/
bedfordshire,/towns/dunstable/bedfordshire/
bedfordshire,/towns/henlow/bedfordshire/
bedfordshire,/towns/leighton-buzzard/bedfordshire/
bedfordshire,/towns/luton/bedfordshire/
bedfordshire,/towns/sandy/bedfordshire/
bedfordshire,/towns/shefford/bedfordshire/
bedfordshire,/towns/woburn/bedfordshire/
berkshire,/towns/ascot/berkshire/
berkshire,/towns/bracknell/berkshire/
berkshire,/towns/crowthorne/berkshire/
berkshire,/towns/hungerford/berkshire/
berkshire,/towns/maidenhead/berkshire/
berkshire,/towns/newbury/berkshire/
berkshire,/towns/reading/berkshire/
berkshire,/towns/sandhurst/berkshire/
berkshire,/towns/slough/berkshire/
berkshire,/towns/thatcham/berkshire/
berkshire,/towns/windsor/berkshire/
berkshire,/towns/wokingham/berkshire/
borders,/towns/coldstream/borders/
borders,/towns/duns/borders/
borders,/towns/eyemouth/borders/
borders,/towns/galashiels/borders/
borders,/towns/hawick/borders/
borders,/towns/innerleithen/borders/
borders,/towns/jedburgh/borders/
borders,/towns/kelso/borders/
borders,/towns/lauder/borders/
borders,/towns/melrose/borders/
borders,/towns/newcastleton/borders/
borders,/towns/peebles/borders/
borders,/towns/selkirk/borders/
borders,/towns/west-linton/borders/
bristol,/towns/bristol/bristol/
buckinghamshire,/towns/amersham/buckinghamshire/
buckinghamshire,/towns/aylesbury/buckinghamshire/
buckinghamshire,/towns/beaconsfield/buckinghamshire/
buckinghamshire,/towns/bourne-end/buckinghamshire/
buckinghamshire,/towns/buckingham/buckinghamshire/
buckinghamshire,/towns/chalfont-st-giles/buckinghamshire/
buckinghamshire,/towns/chesham/buckinghamshire/
buckinghamshire,/towns/gerrards-cross/buckinghamshire/
buckinghamshire,/towns/great-missenden/buckinghamshire/
buckinghamshire,/towns/high-wycombe/buckinghamshire/
buckinghamshire,/towns/iver/buckinghamshire/
buckinghamshire,/towns/marlow/buckinghamshire/
buckinghamshire,/towns/mentmore/buckinghamshire/
buckinghamshire,/towns/milton-keynes/buckinghamshire/
buckinghamshire,/towns/newport-pagnell/buckinghamshire/
buckinghamshire,/towns/olney/buckinghamshire/
buckinghamshire,/towns/princes-risborough/buckinghamshire/
cambridgeshire,/towns/cambridge/cambridgeshire/
cambridgeshire,/towns/chatteris/cambridgeshire/
cambridgeshire,/towns/ely/cambridgeshire/
cambridgeshire,/towns/huntingdon/cambridgeshire/
cambridgeshire,/towns/march/cambridgeshire/
cambridgeshire,/towns/peterborough/cambridgeshire/
cambridgeshire,/towns/st-ives/cambridgeshire/
cambridgeshire,/towns/st-neots/cambridgeshire/
cambridgeshire,/towns/wisbech/cambridgeshire/
central-london,/towns/e1/central-london/
central-london,/towns/e14/central-london/
central-london,/towns/e2/central-london/
central-london,/towns/e3/central-london/
central-london,/towns/e5/central-london/
central-london,/towns/e8/central-london/
central-london,/towns/e9/central-london/
central-london,/towns/ec1/central-london/
central-london,/towns/ec2/central-london/
central-london,/towns/ec3/central-london/
central-london,/towns/ec4/central-london/
central-london,/towns/n1/central-london/
central-london,/towns/n16/central-london/
central-london,/towns/n19/central-london/
central-london,/towns/n5/central-london/
central-london,/towns/n7/central-london/
central-london,/towns/nw1/central-london/
central-london,/towns/nw3/central-london/
central-london,/towns/nw5/central-london/
central-london,/towns/nw8/central-london/
central-london,/towns/se1/central-london/
central-london,/towns/se10/central-london/
central-london,/towns/se16/central-london/
central-london,/towns/SW1/central-london/
central-london,/towns/sw10/central-london/
central-london,/towns/sw3/central-london/
central-london,/towns/sw5/central-london/
central-london,/towns/sw7/central-london/
central-london,/towns/w1/central-london/
central-london,/towns/w11/central-london/
central-london,/towns/w2/central-london/
central-london,/towns/w8/central-london/
central-london,/towns/w9/central-london/
central-london,/towns/wc1/central-london/
central-london,/towns/wc2/central-london/
central,/towns/alloa/central/
central,/towns/alva/central/
central,/towns/boness/central/
central,/towns/bonnybridge/central/
central,/towns/callander/central/
central,/towns/clackmannan/central/
central,/towns/crianlarich/central/
central,/towns/denny/central/
central,/towns/dollar/central/
central,/towns/doune/central/
central,/towns/dunblane/central/
central,/towns/falkirk/central/
central,/towns/grangemouth/central/
central,/towns/killin/central/
central,/towns/larbert/central/
central,/towns/lochearnhead/central/
central,/towns/menstrie/central/
central,/towns/stirling/central/
central,/towns/tillicoultry/central/
cheshire,/towns/alderley-edge/cheshire/
cheshire,/towns/chester/cheshire/
cheshire,/towns/congleton/cheshire/
cheshire,/towns/crewe/cheshire/
cheshire,/towns/ellesmere-port/cheshire/
cheshire,/towns/frodsham/cheshire/
cheshire,/towns/knutsford/cheshire/
cheshire,/towns/lymm/cheshire/
cheshire,/towns/macclesfield/cheshire/
cheshire,/towns/malpas/cheshire/
cheshire,/towns/middlewich/cheshire/
cheshire,/towns/nantwich/cheshire/
cheshire,/towns/neston/cheshire/
cheshire,/towns/northwich/cheshire/
cheshire,/towns/runcorn/cheshire/
cheshire,/towns/sandbach/cheshire/
cheshire,/towns/tarporley/cheshire/
cheshire,/towns/warrington/cheshire/
cheshire,/towns/widnes/cheshire/
cheshire,/towns/wilmslow/cheshire/
cheshire,/towns/winsford/cheshire/
clwyd,/towns/abergele/clwyd/
clwyd,/towns/bagillt/clwyd/
clwyd,/towns/buckley/clwyd/
clwyd,/towns/colwyn-bay/clwyd/
clwyd,/towns/corwen/clwyd/
clwyd,/towns/deeside/clwyd/
clwyd,/towns/denbigh/clwyd/
clwyd,/towns/flint/clwyd/
clwyd,/towns/holywell/clwyd/
clwyd,/towns/llangollen/clwyd/
clwyd,/towns/mold/clwyd/
clwyd,/towns/prestatyn/clwyd/
clwyd,/towns/rhyl/clwyd/
clwyd,/towns/ruthin2/clwyd/
clwyd,/towns/st-asaph/clwyd/
clwyd,/towns/wrexham/clwyd/
cornwall,/towns/bodmin/cornwall/
cornwall,/towns/boscastle/cornwall/
cornwall,/towns/bryher/cornwall/
cornwall,/towns/bude/cornwall/
cornwall,/towns/callington/cornwall/
cornwall,/towns/calstock/cornwall/
cornwall,/towns/camborne/cornwall/
cornwall,/towns/camelford/cornwall/
cornwall,/towns/delabole/cornwall/
cornwall,/towns/falmouth/cornwall/
cornwall,/towns/fowey/cornwall/
cornwall,/towns/gunnislake/cornwall/
cornwall,/towns/hayle/cornwall/
cornwall,/towns/helston/cornwall/
cornwall,/towns/launceston/cornwall/
cornwall,/towns/liskeard/cornwall/
cornwall,/towns/looe/cornwall/
cornwall,/towns/lostwithiel/cornwall/
cornwall,/towns/marazion/cornwall/
cornwall,/towns/newquay/cornwall/
cornwall,/towns/padstow/cornwall/
cornwall,/towns/par/cornwall/
cornwall,/towns/penryn/cornwall/
cornwall,/towns/penzance/cornwall/
cornwall,/towns/perranporth/cornwall/
cornwall,/towns/port-isaac/cornwall/
cornwall,/towns/redruth/cornwall/
cornwall,/towns/saltash/cornwall/
cornwall,/towns/st-agnes/cornwall/
cornwall,/towns/st-agnes2/cornwall/
cornwall,/towns/st-austell/cornwall/
cornwall,/towns/st-columb/cornwall/
cornwall,/towns/st-ives/cornwall/
cornwall,/towns/st-kew/cornwall/
cornwall,/towns/st-marys/cornwall/
cornwall,/towns/tintagel/cornwall/
cornwall,/towns/torpoint/cornwall/
cornwall,/towns/truro/cornwall/
cornwall,/towns/wadebridge/cornwall/
county-antrim,/towns/antrim/county-antrim/
county-antrim,/towns/ballycastle/county-antrim/
county-antrim,/towns/ballyclare/county-antrim/
county-antrim,/towns/ballymena/county-antrim/
county-antrim,/towns/ballymoney/county-antrim/
county-antrim,/towns/belfast/county-antrim/
county-antrim,/towns/bushmills/county-antrim/
county-antrim,/towns/carrickfergus/county-antrim/
county-antrim,/towns/crumlin/county-antrim/
county-antrim,/towns/larne/county-antrim/
county-antrim,/towns/lisburn/county-antrim/
county-antrim,/towns/newtownabbey/county-antrim/
county-antrim,/towns/portrush/county-antrim/
county-armagh,/towns/armagh/county-armagh/
county-armagh,/towns/craigavon/county-armagh/
county-down,/towns/ballynahinch/county-down/
county-down,/towns/banbridge/county-down/
county-down,/towns/bangor/county-down/
county-down,/towns/castlewellan/county-down/
county-down,/towns/donaghadee/county-down/
county-down,/towns/downpatrick/county-down/
county-down,/towns/dromore/county-down/
county-down,/towns/hillsborough/county-down/
county-down,/towns/holywood/county-down/
county-down,/towns/newcastle/county-down/
county-down,/towns/newry/county-down/
county-down,/towns/newtownards/county-down/
county-durham,/towns/barnard-castle/county-durham/
county-durham,/towns/billingham/county-durham/
county-durham,/towns/bishop-auckland/county-durham/
county-durham,/towns/chester-le-street/county-durham/
county-durham,/towns/consett/county-durham/
county-durham,/towns/crook/county-durham/
county-durham,/towns/darlington/county-durham/
county-durham,/towns/durham/county-durham/
county-durham,/towns/ferryhill/county-durham/
county-durham,/towns/hartlepool/county-durham/
county-durham,/towns/newton-aycliffe/county-durham/
county-durham,/towns/peterlee/county-durham/
county-durham,/towns/seaham/county-durham/
county-durham,/towns/shildon/county-durham/
county-durham,/towns/spennymoor/county-durham/
county-durham,/towns/stanley2/county-durham/
county-durham,/towns/stocktonontees/county-durham/
county-durham,/towns/trimdon-station/county-durham/
county-durham,/towns/wingate/county-durham/
county-fermanagh,/towns/enniskillen/county-fermanagh/
county-londonderry,/towns/coleraine/county-londonderry/
county-londonderry,/towns/limavady/county-londonderry/
county-londonderry,/towns/londonderry/county-londonderry/
county-londonderry,/towns/maghera/county-londonderry/
county-londonderry,/towns/magherafelt/county-londonderry/
county-londonderry,/towns/portstewart/county-londonderry/
county-tyrone,/towns/augher/county-tyrone/
county-tyrone,/towns/aughnacloy/county-tyrone/
county-tyrone,/towns/caledon/county-tyrone/
county-tyrone,/towns/castlederg/county-tyrone/
county-tyrone,/towns/clogher/county-tyrone/
county-tyrone,/towns/cookstown/county-tyrone/
county-tyrone,/towns/dungannon/county-tyrone/
county-tyrone,/towns/fivemiletown/county-tyrone/
county-tyrone,/towns/omagh/county-tyrone/
county-tyrone,/towns/strabane/county-tyrone/
cumbria,/towns/alston/cumbria/
cumbria,/towns/ambleside/cumbria/
cumbria,/towns/applebyinwestmorland/cumbria/
cumbria,/towns/askaminfurness/cumbria/
cumbria,/towns/barrowinfurness/cumbria/
cumbria,/towns/beckermet/cumbria/
cumbria,/towns/brampton2/cumbria/
cumbria,/towns/broughtoninfurness/cumbria/
cumbria,/towns/carlisle/cumbria/
cumbria,/towns/cleator/cumbria/
cumbria,/towns/cleator-moor/cumbria/
cumbria,/towns/cockermouth/cumbria/
cumbria,/towns/coniston2/cumbria/
cumbria,/towns/daltoninfurness/cumbria/
cumbria,/towns/egremont/cumbria/
cumbria,/towns/frizington/cumbria/
cumbria,/towns/grangeoversands/cumbria/
cumbria,/towns/holmrook/cumbria/
cumbria,/towns/kendal/cumbria/
cumbria,/towns/keswick/cumbria/
cumbria,/towns/kirkby-stephen/cumbria/
cumbria,/towns/kirkbyinfurness/cumbria/
cumbria,/towns/maryport/cumbria/
cumbria,/towns/millom/cumbria/
cumbria,/towns/milnthorpe/cumbria/
cumbria,/towns/penrith/cumbria/
cumbria,/towns/ravenglass/cumbria/
cumbria,/towns/seascale/cumbria/
cumbria,/towns/sedbergh/cumbria/
cumbria,/towns/st-bees/cumbria/
cumbria,/towns/ulverston/cumbria/
cumbria,/towns/whitehaven/cumbria/
cumbria,/towns/wigton/cumbria/
cumbria,/towns/windermere/cumbria/
cumbria,/towns/workington/cumbria/
derbyshire,/towns/alfreton/derbyshire/
derbyshire,/towns/ashbourne/derbyshire/
derbyshire,/towns/bakewell/derbyshire/
derbyshire,/towns/belper/derbyshire/
derbyshire,/towns/buxton/derbyshire/
derbyshire,/towns/chesterfield/derbyshire/
derbyshire,/towns/derby/derbyshire/
derbyshire,/towns/dronfield/derbyshire/
derbyshire,/towns/glossop/derbyshire/
derbyshire,/towns/heanor/derbyshire/
derbyshire,/towns/high-peak/derbyshire/
derbyshire,/towns/hope-valley/derbyshire/
derbyshire,/towns/ilkeston/derbyshire/
derbyshire,/towns/matlock/derbyshire/
derbyshire,/towns/ripley/derbyshire/
derbyshire,/towns/swadlincote/derbyshire/
devon,/towns/axminster/devon/
devon,/towns/barnstaple/devon/
devon,/towns/beaworthy/devon/
devon,/towns/bideford/devon/
devon,/towns/braunton/devon/
devon,/towns/brixham/devon/
devon,/towns/buckfastleigh/devon/
devon,/towns/budleigh-salterton/devon/
devon,/towns/chulmleigh/devon/
devon,/towns/colyton/devon/
devon,/towns/crediton/devon/
devon,/towns/cullompton/devon/
devon,/towns/dartmouth/devon/
devon,/towns/dawlish/devon/
devon,/towns/exeter/devon/
devon,/towns/exmouth/devon/
devon,/towns/holsworthy/devon/
devon,/towns/honiton/devon/
devon,/towns/ilfracombe/devon/
devon,/towns/ivybridge/devon/
devon,/towns/kingsbridge/devon/
devon,/towns/lifton/devon/
devon,/towns/lynmouth/devon/
devon,/towns/lynton/devon/
devon,/towns/newton-abbot/devon/
devon,/towns/north-tawton/devon/
devon,/towns/okehampton/devon/
devon,/towns/ottery-st-mary/devon/
devon,/towns/paignton/devon/
devon,/towns/plymouth/devon/
devon,/towns/salcombe/devon/
devon,/towns/seaton/devon/
devon,/towns/sidmouth/devon/
devon,/towns/south-brent/devon/
devon,/towns/south-molton/devon/
devon,/towns/tavistock/devon/
devon,/towns/teignmouth/devon/
devon,/towns/tiverton/devon/
devon,/towns/torquay/devon/
devon,/towns/torrington/devon/
devon,/towns/totnes/devon/
devon,/towns/umberleigh2/devon/
devon,/towns/winkleigh/devon/
devon,/towns/woolacombe/devon/
devon,/towns/yelverton/devon/
dorset,/towns/beaminster/dorset/
dorset,/towns/blandford-forum/dorset/
dorset,/towns/bournemouth/dorset/
dorset,/towns/bridport/dorset/
dorset,/towns/broadstone/dorset/
dorset,/towns/christchurch/dorset/
dorset,/towns/dorchester/dorset/
dorset,/towns/ferndown/dorset/
dorset,/towns/gillingham/dorset/
dorset,/towns/lyme-regis/dorset/
dorset,/towns/poole/dorset/
dorset,/towns/portland/dorset/
dorset,/towns/shaftesbury/dorset/
dorset,/towns/sherborne/dorset/
dorset,/towns/sturminster-newton/dorset/
dorset,/towns/swanage/dorset/
dorset,/towns/verwood/dorset/
dorset,/towns/wareham/dorset/
dorset,/towns/weymouth/dorset/
dorset,/towns/wimborne/dorset/
dumfries-galloway,/towns/annan/dumfries-galloway/
dumfries-galloway,/towns/castle-douglas/dumfries-galloway/
dumfries-galloway,/towns/dalbeattie/dumfries-galloway/
dumfries-galloway,/towns/dumfries/dumfries-galloway/
dumfries-galloway,/towns/gretna2/dumfries-galloway/
dumfries-galloway,/towns/kirkcudbright/dumfries-galloway/
dumfries-galloway,/towns/langholm/dumfries-galloway/
dumfries-galloway,/towns/lockerbie/dumfries-galloway/
dumfries-galloway,/towns/moffat/dumfries-galloway/
dumfries-galloway,/towns/newton-stewart/dumfries-galloway/
dumfries-galloway,/towns/sanquhar/dumfries-galloway/
dumfries-galloway,/towns/stranraer/dumfries-galloway/
dumfries-galloway,/towns/thornhill/dumfries-galloway/
dyfed,/towns/aberaeron/dyfed/
dyfed,/towns/aberystwyth/dyfed/
dyfed,/towns/ammanford2/dyfed/
dyfed,/towns/boncath/dyfed/
dyfed,/towns/bow-street/dyfed/
dyfed,/towns/burry-port/dyfed/
dyfed,/towns/cardigan/dyfed/
dyfed,/towns/carmarthen/dyfed/
dyfed,/towns/clarbeston-road/dyfed/
dyfed,/towns/clynderwen/dyfed/
dyfed,/towns/crymych/dyfed/
dyfed,/towns/fishguard/dyfed/
dyfed,/towns/glogue/dyfed/
dyfed,/towns/goodwick/dyfed/
dyfed,/towns/haverfordwest/dyfed/
dyfed,/towns/kidwelly/dyfed/
dyfed,/towns/kilgetty/dyfed/
dyfed,/towns/lampeter/dyfed/
dyfed,/towns/llanarth/dyfed/
dyfed,/towns/llandeilo/dyfed/
dyfed,/towns/llandovery/dyfed/
dyfed,/towns/llandysul/dyfed/
dyfed,/towns/llanelli/dyfed/
dyfed,/towns/llanfyrnach/dyfed/
dyfed,/towns/llangadog/dyfed/
dyfed,/towns/llanybydder/dyfed/
dyfed,/towns/milford-haven/dyfed/
dyfed,/towns/narberth/dyfed/
dyfed,/towns/new-quay/dyfed/
dyfed,/towns/newcastle-emlyn/dyfed/
dyfed,/towns/newport/dyfed/
dyfed,/towns/pembroke/dyfed/
dyfed,/towns/pembroke-dock/dyfed/
dyfed,/towns/pencader/dyfed/
dyfed,/towns/saundersfoot/dyfed/
dyfed,/towns/tenby/dyfed/
dyfed,/towns/tregaron/dyfed/
dyfed,/towns/whitland/dyfed/
dyfed,/towns/ystrad-meurig/dyfed/
east-riding-of-yorkshire,/towns/beverley/east-riding-of-yorkshire/
east-riding-of-yorkshire,/towns/bridlington/east-riding-of-yorkshire/
east-riding-of-yorkshire,/towns/brough/east-riding-of-yorkshire/
east-riding-of-yorkshire,/towns/cottingham/east-riding-of-yorkshire/
east-riding-of-yorkshire,/towns/driffield/east-riding-of-yorkshire/
east-riding-of-yorkshire,/towns/goole/east-riding-of-yorkshire/
east-riding-of-yorkshire,/towns/hessle2/east-riding-of-yorkshire/
east-riding-of-yorkshire,/towns/hornsea/east-riding-of-yorkshire/
east-riding-of-yorkshire,/towns/hull/east-riding-of-yorkshire/
east-riding-of-yorkshire,/towns/north-ferriby/east-riding-of-yorkshire/
east-riding-of-yorkshire,/towns/withernsea/east-riding-of-yorkshire/
east-sussex,/towns/battle/east-sussex/
east-sussex,/towns/bexhillonsea/east-sussex/
east-sussex,/towns/brighton/east-sussex/
east-sussex,/towns/crowborough/east-sussex/
east-sussex,/towns/eastbourne/east-sussex/
east-sussex,/towns/etchingham/east-sussex/
east-sussex,/towns/forest-row/east-sussex/
east-sussex,/towns/hailsham/east-sussex/
east-sussex,/towns/hartfield/east-sussex/
east-sussex,/towns/hastings/east-sussex/
east-sussex,/towns/heathfield/east-sussex/
east-sussex,/towns/hove/east-sussex/
east-sussex,/towns/lewes/east-sussex/
east-sussex,/towns/mayfield/east-sussex/
east-sussex,/towns/newhaven/east-sussex/
east-sussex,/towns/peacehaven/east-sussex/
east-sussex,/towns/pevensey/east-sussex/
east-sussex,/towns/polegate/east-sussex/
east-sussex,/towns/robertsbridge/east-sussex/
east-sussex,/towns/rye/east-sussex/
east-sussex,/towns/seaford/east-sussex/
east-sussex,/towns/st-leonardsonsea/east-sussex/
east-sussex,/towns/uckfield/east-sussex/
east-sussex,/towns/wadhurst/east-sussex/
east-sussex,/towns/winchelsea/east-sussex/
essex,/towns/basildon/essex/
essex,/towns/benfleet/essex/
essex,/towns/billericay/essex/
essex,/towns/braintree/essex/
essex,/towns/brentwood/essex/
essex,/towns/buckhurst-hill/essex/
essex,/towns/bures/essex/
essex,/towns/burnhamoncrouch/essex/
essex,/towns/canvey-island/essex/
essex,/towns/chelmsford/essex/
essex,/towns/chigwell/essex/
essex,/towns/clactononsea/essex/
essex,/towns/colchester/essex/
essex,/towns/epping/essex/
essex,/towns/frintononsea/essex/
essex,/towns/grays/essex/
essex,/towns/dunmow/essex/
essex,/towns/halstead/essex/
essex,/towns/harlow/essex/
essex,/towns/harwich/essex/
essex,/towns/hockley/essex/
essex,/towns/ingatestone/essex/
essex,/towns/leighonsea/essex/
essex,/towns/loughton/essex/
essex,/towns/maldon/essex/
essex,/towns/manningtree/essex/
essex,/towns/ongar/essex/
essex,/towns/rayleigh/essex/
essex,/towns/rochford/essex/
essex,/towns/saffron-walden/essex/
essex,/towns/south-ockendon/essex/
essex,/towns/southendonsea/essex/
essex,/towns/southminster/essex/
essex,/towns/stanfordlehope/essex/
essex,/towns/stansted/essex/
essex,/towns/tilbury/essex/
essex,/towns/waltham-abbey/essex/
essex,/towns/walton-on-the-naze/essex/
essex,/towns/westcliff-on-sea/essex/
essex,/towns/wickford/essex/
essex,/towns/witham/essex/
fife,/towns/anstruther/fife/
fife,/towns/burntisland/fife/
fife,/towns/cowdenbeath/fife/
fife,/towns/cupar/fife/
fife,/towns/dunfermline/fife/
fife,/towns/glenrothes/fife/
fife,/towns/inverkeithing/fife/
fife,/towns/kelty/fife/
fife,/towns/kirkcaldy/fife/
fife,/towns/leven/fife/
fife,/towns/lochgelly/fife/
fife,/towns/newportontay/fife/
fife,/towns/st-andrews/fife/
fife,/towns/tayport/fife/
gloucestershire,/towns/badminton/gloucestershire/
gloucestershire,/towns/berkeley/gloucestershire/
gloucestershire,/towns/blakeney/gloucestershire/
gloucestershire,/towns/cheltenham/gloucestershire/
gloucestershire,/towns/chipping-campden/gloucestershire/
gloucestershire,/towns/cinderford/gloucestershire/
gloucestershire,/towns/cirencester/gloucestershire/
gloucestershire,/towns/coleford/gloucestershire/
gloucestershire,/towns/drybrook/gloucestershire/
gloucestershire,/towns/dursley/gloucestershire/
gloucestershire,/towns/dymock/gloucestershire/
gloucestershire,/towns/fairford/gloucestershire/
gloucestershire,/towns/gloucester/gloucestershire/
gloucestershire,/towns/longhope/gloucestershire/
gloucestershire,/towns/lydbrook/gloucestershire/
gloucestershire,/towns/lydney/gloucestershire/
gloucestershire,/towns/mitcheldean/gloucestershire/
gloucestershire,/towns/moretoninmarsh/gloucestershire/
gloucestershire,/towns/newent/gloucestershire/
gloucestershire,/towns/newnham/gloucestershire/
gloucestershire,/towns/ruardean/gloucestershire/
gloucestershire,/towns/stonehouse/gloucestershire/
gloucestershire,/towns/stroud/gloucestershire/
gloucestershire,/towns/tetbury/gloucestershire/
gloucestershire,/towns/tewkesbury/gloucestershire/
gloucestershire,/towns/westburyonsevern/gloucestershire/
gloucestershire,/towns/wottonunderedge/gloucestershire/
grampian,/towns/aberdeen/grampian/
grampian,/towns/aberlour/grampian/
grampian,/towns/aboyne/grampian/
grampian,/towns/alford/grampian/
grampian,/towns/ballater/grampian/
grampian,/towns/ballindalloch/grampian/
grampian,/towns/banchory/grampian/
grampian,/towns/banff/grampian/
grampian,/towns/buckie/grampian/
grampian,/towns/elgin/grampian/
grampian,/towns/ellon/grampian/
grampian,/towns/fochabers/grampian/
grampian,/towns/forres/grampian/
grampian,/towns/fraserburgh/grampian/
grampian,/towns/huntly/grampian/
grampian,/towns/inverurie/grampian/
grampian,/towns/keith/grampian/
grampian,/towns/laurencekirk/grampian/
grampian,/towns/lossiemouth/grampian/
grampian,/towns/macduff/grampian/
grampian,/towns/peterculter/grampian/
grampian,/towns/peterhead/grampian/
grampian,/towns/stonehaven/grampian/
grampian,/towns/turriff/grampian/
greater-london,/towns/barking/greater-london/
greater-london,/towns/barnet/greater-london/
greater-london,/towns/beckenham/greater-london/
greater-london,/towns/belvedere/greater-london/
greater-london,/towns/bexley/greater-london/
greater-london,/towns/bexleyheath/greater-london/
greater-london,/towns/brentford/greater-london/
greater-london,/towns/bromley/greater-london/
greater-london,/towns/carshalton/greater-london/
greater-london,/towns/chessington/greater-london/
greater-london,/towns/chislehurst/greater-london/
greater-london,/towns/croydon/greater-london/
greater-london,/towns/dagenham/greater-london/
greater-london,/towns/e10/greater-london/
greater-london,/towns/e11/greater-london/
greater-london,/towns/e12/greater-london/
greater-london,/towns/e13/greater-london/
greater-london,/towns/e15/greater-london/
greater-london,/towns/e16/greater-london/
greater-london,/towns/e17/greater-london/
greater-london,/towns/e18/greater-london/
greater-london,/towns/e20/greater-london/
greater-london,/towns/e4/greater-london/
greater-london,/towns/e6/greater-london/
greater-london,/towns/e7/greater-london/
greater-london,/towns/edgware/greater-london/
greater-london,/towns/enfield/greater-london/
greater-london,/towns/erith/greater-london/
greater-london,/towns/feltham/greater-london/
greater-london,/towns/greenford/greater-london/
greater-london,/towns/hampton/greater-london/
greater-london,/towns/harrow/greater-london/
greater-london,/towns/hayes/greater-london/
greater-london,/towns/hornchurch/greater-london/
greater-london,/towns/hounslow/greater-london/
greater-london,/towns/ilford/greater-london/
greater-london,/towns/isleworth/greater-london/
greater-london,/towns/kenley/greater-london/
greater-london,/towns/keston/greater-london/
greater-london,/towns/kingston-upon-thames/greater-london/
greater-london,/towns/mitcham/greater-london/
greater-london,/towns/morden/greater-london/
greater-london,/towns/n10/greater-london/
greater-london,/towns/n11/greater-london/
greater-london,/towns/n12/greater-london/
greater-london,/towns/n13/greater-london/
greater-london,/towns/n14/greater-london/
greater-london,/towns/n15/greater-london/
greater-london,/towns/n17/greater-london/
greater-london,/towns/n18/greater-london/
greater-london,/towns/n2/greater-london/
greater-london,/towns/N20/greater-london/
greater-london,/towns/n21/greater-london/
greater-london,/towns/n22/greater-london/
greater-london,/towns/n3/greater-london/
greater-london,/towns/n4/greater-london/
greater-london,/towns/n6/greater-london/
greater-london,/towns/n8/greater-london/
greater-london,/towns/n9/greater-london/
greater-london,/towns/new-malden/greater-london/
greater-london,/towns/northolt/greater-london/
greater-london,/towns/northwood/greater-london/
greater-london,/towns/NW10/greater-london/
greater-london,/towns/nw11/greater-london/
greater-london,/towns/nw2/greater-london/
greater-london,/towns/nw4/greater-london/
greater-london,/towns/nw6/greater-london/
greater-london,/towns/nw7/greater-london/
greater-london,/towns/nw9/greater-london/
greater-london,/towns/orpington/greater-london/
greater-london,/towns/pinner/greater-london/
greater-london,/towns/purley/greater-london/
greater-london,/towns/rainham/greater-london/
greater-london,/towns/richmond/greater-london/
greater-london,/towns/romford/greater-london/
greater-london,/towns/ruislip/greater-london/
greater-london,/towns/se11/greater-london/
greater-london,/towns/se12/greater-london/
greater-london,/towns/se13/greater-london/
greater-london,/towns/se14/greater-london/
greater-london,/towns/se15/greater-london/
greater-london,/towns/se17/greater-london/
greater-london,/towns/se18/greater-london/
greater-london,/towns/se19/greater-london/
greater-london,/towns/se2/greater-london/
greater-london,/towns/se20/greater-london/
greater-london,/towns/se21/greater-london/
greater-london,/towns/se22/greater-london/
greater-london,/towns/se23/greater-london/
greater-london,/towns/se24/greater-london/
greater-london,/towns/se25/greater-london/
greater-london,/towns/se26/greater-london/
greater-london,/towns/SE27/greater-london/
greater-london,/towns/se28/greater-london/
greater-london,/towns/se3/greater-london/
greater-london,/towns/se4/greater-london/
greater-london,/towns/se5/greater-london/
greater-london,/towns/se6/greater-london/
greater-london,/towns/se7/greater-london/
greater-london,/towns/se8/greater-london/
greater-london,/towns/se9/greater-london/
greater-london,/towns/sidcup/greater-london/
greater-london,/towns/south-croydon/greater-london/
greater-london,/towns/southall/greater-london/
greater-london,/towns/stanmore/greater-london/
greater-london,/towns/surbiton/greater-london/
greater-london,/towns/sutton/greater-london/
greater-london,/towns/sw11/greater-london/
greater-london,/towns/sw12/greater-london/
greater-london,/towns/sw13/greater-london/
greater-london,/towns/sw14/greater-london/
greater-london,/towns/sw15/greater-london/
greater-london,/towns/sw16/greater-london/
greater-london,/towns/sw17/greater-london/
greater-london,/towns/sw18/greater-london/
greater-london,/towns/SW19/greater-london/
greater-london,/towns/sw2/greater-london/
greater-london,/towns/SW20/greater-london/
greater-london,/towns/sw4/greater-london/
greater-london,/towns/sw6/greater-london/
greater-london,/towns/sw8/greater-london/
greater-london,/towns/sw9/greater-london/
greater-london,/towns/teddington/greater-london/
greater-london,/towns/thornton-heath/greater-london/
greater-london,/towns/twickenham/greater-london/
greater-london,/towns/upminster/greater-london/
greater-london,/towns/uxbridge/greater-london/
greater-london,/towns/w10/greater-london/
greater-london,/towns/w12/greater-london/
greater-london,/towns/w13/greater-london/
greater-london,/towns/w14/greater-london/
greater-london,/towns/w3/greater-london/
greater-london,/towns/w4/greater-london/
greater-london,/towns/w5/greater-london/
greater-london,/towns/w6/greater-london/
greater-london,/towns/w7/greater-london/
greater-london,/towns/wallington/greater-london/
greater-london,/towns/welling/greater-london/
greater-london,/towns/wembley/greater-london/
greater-london,/towns/west-drayton/greater-london/
greater-london,/towns/west-wickham/greater-london/
greater-london,/towns/woodford-green/greater-london/
greater-london,/towns/worcester-park/greater-london/
greater-manchester,/towns/altrincham/greater-manchester/
greater-manchester,/towns/ashtonunderlyne/greater-manchester/
greater-manchester,/towns/bolton/greater-manchester/
greater-manchester,/towns/bury/greater-manchester/
greater-manchester,/towns/cheadle2/greater-manchester/
greater-manchester,/towns/dukinfield/greater-manchester/
greater-manchester,/towns/heywood/greater-manchester/
greater-manchester,/towns/hyde/greater-manchester/
greater-manchester,/towns/leigh/greater-manchester/
greater-manchester,/towns/littleborough/greater-manchester/
greater-manchester,/towns/manchester/greater-manchester/
greater-manchester,/towns/oldham/greater-manchester/
greater-manchester,/towns/rochdale/greater-manchester/
greater-manchester,/towns/sale/greater-manchester/
greater-manchester,/towns/salford/greater-manchester/
greater-manchester,/towns/stalybridge/greater-manchester/
greater-manchester,/towns/stockport/greater-manchester/
greater-manchester,/towns/wigan/greater-manchester/
gwent,/towns/abergavenny/gwent/
gwent,/towns/abertillery/gwent/
gwent,/towns/blackwood/gwent/
gwent,/towns/blaenavon/gwent/
gwent,/towns/caldicot/gwent/
gwent,/towns/chepstow/gwent/
gwent,/towns/cwmbran/gwent/
gwent,/towns/ebbw-vale/gwent/
gwent,/towns/monmouth/gwent/
gwent,/towns/newport/gwent/
gwent,/towns/pontypool/gwent/
gwent,/towns/tredegar/gwent/
gwent,/towns/usk/gwent/
gwynedd,/towns/aberdovey/gwynedd/
gwynedd,/towns/amlwch/gwynedd/
gwynedd,/towns/bala/gwynedd/
gwynedd,/towns/bangor/gwynedd/
gwynedd,/towns/barmouth/gwynedd/
gwynedd,/towns/beaumaris/gwynedd/
gwynedd,/towns/betwsycoed/gwynedd/
gwynedd,/towns/blaenau-ffestiniog/gwynedd/
gwynedd,/towns/bodorgan/gwynedd/
gwynedd,/towns/brynteg/gwynedd/
gwynedd,/towns/caernarfon/gwynedd/
gwynedd,/towns/cemaes-bay/gwynedd/
gwynedd,/towns/conwy/gwynedd/
gwynedd,/towns/criccieth/gwynedd/
gwynedd,/towns/dolgellau/gwynedd/
gwynedd,/towns/dolwyddelan/gwynedd/
gwynedd,/towns/dyffryn-ardudwy/gwynedd/
gwynedd,/towns/gaerwen/gwynedd/
gwynedd,/towns/harlech/gwynedd/
gwynedd,/towns/holyhead/gwynedd/
gwynedd,/towns/llanbedr2/gwynedd/
gwynedd,/towns/llandudno/gwynedd/
gwynedd,/towns/llandudno-junction/gwynedd/
gwynedd,/towns/llanerchymedd/gwynedd/
gwynedd,/towns/llanfairfechan/gwynedd/
gwynedd,/towns/llanfairpwllgwyngyll/gwynedd/
gwynedd,/towns/llangefni/gwynedd/
gwynedd,/towns/llanrwst/gwynedd/
gwynedd,/towns/llwyngwril/gwynedd/
gwynedd,/towns/marianglas/gwynedd/
gwynedd,/towns/menai-bridge/gwynedd/
gwynedd,/towns/moelfre/gwynedd/
gwynedd,/towns/penmaenmawr/gwynedd/
gwynedd,/towns/penrhyndeudraeth/gwynedd/
gwynedd,/towns/pentraeth/gwynedd/
gwynedd,/towns/porthmadog/gwynedd/
gwynedd,/towns/pwllheli/gwynedd/
gwynedd,/towns/rhosgoch/gwynedd/
gwynedd,/towns/talsarnau/gwynedd/
gwynedd,/towns/talybont/gwynedd/
gwynedd,/towns/trefriw/gwynedd/
gwynedd,/towns/ty-croes/gwynedd/
gwynedd,/towns/tynygongl/gwynedd/
gwynedd,/towns/tywyn/gwynedd/
gwynedd,/towns/y-felinheli/gwynedd/
hampshire,/towns/aldershot/hampshire/
hampshire,/towns/alresford/hampshire/
hampshire,/towns/alton/hampshire/
hampshire,/towns/andover/hampshire/
hampshire,/towns/basingstoke/hampshire/
hampshire,/towns/bordon/hampshire/
hampshire,/towns/brockenhurst/hampshire/
hampshire,/towns/eastleigh/hampshire/
hampshire,/towns/emsworth/hampshire/
hampshire,/towns/fareham/hampshire/
hampshire,/towns/farnborough/hampshire/
hampshire,/towns/fleet/hampshire/
hampshire,/towns/fordingbridge/hampshire/
hampshire,/towns/gosport/hampshire/
hampshire,/towns/havant/hampshire/
hampshire,/towns/hayling-island/hampshire/
hampshire,/towns/hook/hampshire/
hampshire,/towns/lee-on-the-solent/hampshire/
hampshire,/towns/liphook/hampshire/
hampshire,/towns/liss/hampshire/
hampshire,/towns/lymington/hampshire/
hampshire,/towns/lyndhurst2/hampshire/
hampshire,/towns/new-milton/hampshire/
hampshire,/towns/petersfield/hampshire/
hampshire,/towns/portsmouth/hampshire/
hampshire,/towns/ringwood/hampshire/
hampshire,/towns/romsey/hampshire/
hampshire,/towns/southampton/hampshire/
hampshire,/towns/southsea/hampshire/
hampshire,/towns/stockbridge/hampshire/
hampshire,/towns/tadley/hampshire/
hampshire,/towns/waterlooville/hampshire/
hampshire,/towns/whitchurch/hampshire/
hampshire,/towns/winchester/hampshire/
hampshire,/towns/yateley/hampshire/
herefordshire,/towns/bromyard/herefordshire/
herefordshire,/towns/hereford/herefordshire/
herefordshire,/towns/kington/herefordshire/
herefordshire,/towns/ledbury/herefordshire/
herefordshire,/towns/leominster/herefordshire/
herefordshire,/towns/rossonwye/herefordshire/
hertfordshire,/towns/abbots-langley/hertfordshire/
hertfordshire,/towns/baldock/hertfordshire/
hertfordshire,/towns/berkhamsted/hertfordshire/
hertfordshire,/towns/bishops-stortford/hertfordshire/
hertfordshire,/towns/borehamwood/hertfordshire/
hertfordshire,/towns/broxbourne/hertfordshire/
hertfordshire,/towns/buntingford/hertfordshire/
hertfordshire,/towns/bushey/hertfordshire/
hertfordshire,/towns/harpenden/hertfordshire/
hertfordshire,/towns/hatfield/hertfordshire/
hertfordshire,/towns/hemel-hempstead/hertfordshire/
hertfordshire,/towns/hertford/hertfordshire/
hertfordshire,/towns/hitchin/hertfordshire/
hertfordshire,/towns/hoddesdon/hertfordshire/
hertfordshire,/towns/kings-langley/hertfordshire/
hertfordshire,/towns/knebworth/hertfordshire/
hertfordshire,/towns/letchworth/hertfordshire/
hertfordshire,/towns/much-hadham/hertfordshire/
hertfordshire,/towns/potters-bar/hertfordshire/
hertfordshire,/towns/radlett/hertfordshire/
hertfordshire,/towns/rickmansworth/hertfordshire/
hertfordshire,/towns/royston/hertfordshire/
hertfordshire,/towns/sawbridgeworth/hertfordshire/
hertfordshire,/towns/st-albans/hertfordshire/
hertfordshire,/towns/stevenage/hertfordshire/
hertfordshire,/towns/tring/hertfordshire/
hertfordshire,/towns/waltham-cross/hertfordshire/
hertfordshire,/towns/ware/hertfordshire/
hertfordshire,/towns/watford/hertfordshire/
hertfordshire,/towns/welwyn/hertfordshire/
hertfordshire,/towns/welwyn-garden-city/hertfordshire/
highland,/towns/achnasheen/highland/
highland,/towns/alness/highland/
highland,/towns/archaracle/highland/
highland,/towns/ardgay/highland/
highland,/towns/arisaig/highland/
highland,/towns/aviemore/highland/
highland,/towns/avoch/highland/
highland,/towns/ballachulish/highland/
highland,/towns/beauly/highland/
highland,/towns/boat-of-garten/highland/
highland,/towns/brora/highland/
highland,/towns/carrbridge/highland/
highland,/towns/craignure/highland/
highland,/towns/cromarty/highland/
highland,/towns/dalwhinnie/highland/
highland,/towns/dingwall/highland/
highland,/towns/dornoch/highland/
highland,/towns/fort-augustus/highland/
highland,/towns/fort-william/highland/
highland,/towns/fortrose/highland/
highland,/towns/gairloch/highland/
highland,/towns/garve/highland/
highland,/towns/golspie/highland/
highland,/towns/grantownonspey/highland/
highland,/towns/halkirk/highland/
highland,/towns/helmsdale/highland/
highland,/towns/invergarry/highland/
highland,/towns/invergordon/highland/
highland,/towns/inverness/highland/
highland,/towns/isle-of-skye-villages/highland/
highland,/towns/kingussie/highland/
highland,/towns/kinlochleven/highland/
highland,/towns/kyle/highland/
highland,/towns/lairg/highland/
highland,/towns/lybster/highland/
highland,/towns/mallaig/highland/
highland,/towns/muir-of-ord/highland/
highland,/towns/munlochy/highland/
highland,/towns/nairn/highland/
highland,/towns/newtonmore/highland/
highland,/towns/plockton/highland/
highland,/towns/portree/highland/
highland,/towns/scarinish/highland/
highland,/towns/spean-bridge/highland/
highland,/towns/strathcarron/highland/
highland,/towns/strathpeffer/highland/
highland,/towns/tain/highland/
highland,/towns/thurso/highland/
highland,/towns/tobermory/highland/
highland,/towns/ullapool/highland/
highland,/towns/wick/highland/
isle-of-wight,/towns/bembridge/isle-of-wight/
isle-of-wight,/towns/cowes/isle-of-wight/
isle-of-wight,/towns/east-cowes/isle-of-wight/
isle-of-wight,/towns/freshwater/isle-of-wight/
isle-of-wight,/towns/newport/isle-of-wight/
isle-of-wight,/towns/ryde/isle-of-wight/
isle-of-wight,/towns/sandown/isle-of-wight/
isle-of-wight,/towns/seaview/isle-of-wight/
isle-of-wight,/towns/shanklin/isle-of-wight/
isle-of-wight,/towns/totland-bay/isle-of-wight/
isle-of-wight,/towns/ventnor/isle-of-wight/
isle-of-wight,/towns/yarmouth/isle-of-wight/
kent,/towns/ashford/kent/
kent,/towns/aylesford/kent/
kent,/towns/birchington/kent/
kent,/towns/broadstairs/kent/
kent,/towns/canterbury/kent/
kent,/towns/chatham/kent/
kent,/towns/cranbrook/kent/
kent,/towns/dartford/kent/
kent,/towns/deal/kent/
kent,/towns/dover/kent/
kent,/towns/edenbridge/kent/
kent,/towns/faversham/kent/
kent,/towns/folkestone/kent/
kent,/towns/gillingham/kent/
kent,/towns/gravesend/kent/
kent,/towns/greenhithe/kent/
kent,/towns/herne-bay/kent/
kent,/towns/hythe/kent/
kent,/towns/longfield/kent/
kent,/towns/maidstone/kent/
kent,/towns/margate/kent/
kent,/towns/new-romney/kent/
kent,/towns/queenborough/kent/
kent,/towns/ramsgate/kent/
kent,/towns/rochester/kent/
kent,/towns/romney-marsh/kent/
kent,/towns/sandwich/kent/
kent,/towns/sevenoaks/kent/
kent,/towns/sheerness/kent/
kent,/towns/sittingbourne/kent/
kent,/towns/snodland/kent/
kent,/towns/swanley/kent/
kent,/towns/swanscombe/kent/
kent,/towns/tenterden/kent/
kent,/towns/tonbridge/kent/
kent,/towns/tunbridge-wells/kent/
kent,/towns/west-malling/kent/
kent,/towns/westerham/kent/
kent,/towns/westgate-on-sea/kent/
kent,/towns/whitstable/kent/
lancashire,/towns/accrington/lancashire/
lancashire,/towns/bacup/lancashire/
lancashire,/towns/barnoldswick/lancashire/
lancashire,/towns/blackburn/lancashire/
lancashire,/towns/blackpool/lancashire/
lancashire,/towns/burnley/lancashire/
lancashire,/towns/carnforth/lancashire/
lancashire,/towns/chorley/lancashire/
lancashire,/towns/clitheroe/lancashire/
lancashire,/towns/colne/lancashire/
lancashire,/towns/darwen/lancashire/
lancashire,/towns/fleetwood/lancashire/
lancashire,/towns/lancaster/lancashire/
lancashire,/towns/leyland/lancashire/
lancashire,/towns/lytham-st-annes/lancashire/
lancashire,/towns/morecambe/lancashire/
lancashire,/towns/nelson/lancashire/
lancashire,/towns/ormskirk/lancashire/
lancashire,/towns/poultonlefylde/lancashire/
lancashire,/towns/preston/lancashire/
lancashire,/towns/rossendale/lancashire/
lancashire,/towns/skelmersdale/lancashire/
lancashire,/towns/thorntoncleveleys/lancashire/
leicestershire,/towns/ashbydelazouch/leicestershire/
leicestershire,/towns/coalville/leicestershire/
leicestershire,/towns/hinckley/leicestershire/
leicestershire,/towns/ibstock/leicestershire/
leicestershire,/towns/leicester/leicestershire/
leicestershire,/towns/loughborough/leicestershire/
leicestershire,/towns/lutterworth/leicestershire/
leicestershire,/towns/market-harborough/leicestershire/
leicestershire,/towns/markfield/leicestershire/
leicestershire,/towns/melton-mowbray/leicestershire/
leicestershire,/towns/wigston/leicestershire/
lincolnshire,/towns/alford/lincolnshire/
lincolnshire,/towns/barnetby/lincolnshire/
lincolnshire,/towns/barrowuponhumber/lincolnshire/
lincolnshire,/towns/bartonuponhumber/lincolnshire/
lincolnshire,/towns/boston/lincolnshire/
lincolnshire,/towns/bourne/lincolnshire/
lincolnshire,/towns/brigg/lincolnshire/
lincolnshire,/towns/cleethorpes/lincolnshire/
lincolnshire,/towns/gainsborough/lincolnshire/
lincolnshire,/towns/grantham/lincolnshire/
lincolnshire,/towns/grimsby/lincolnshire/
lincolnshire,/towns/horncastle/lincolnshire/
lincolnshire,/towns/immingham/lincolnshire/
lincolnshire,/towns/lincoln/lincolnshire/
lincolnshire,/towns/louth/lincolnshire/
lincolnshire,/towns/mablethorpe/lincolnshire/
lincolnshire,/towns/market-rasen/lincolnshire/
lincolnshire,/towns/scunthorpe/lincolnshire/
lincolnshire,/towns/skegness/lincolnshire/
lincolnshire,/towns/sleaford/lincolnshire/
lincolnshire,/towns/spalding/lincolnshire/
lincolnshire,/towns/spilsby/lincolnshire/
lincolnshire,/towns/stamford/lincolnshire/
lincolnshire,/towns/ulceby/lincolnshire/
lincolnshire,/towns/woodhall-spa/lincolnshire/
lothian,/towns/balerno/lothian/
lothian,/towns/bathgate/lothian/
lothian,/towns/bonnyrigg/lothian/
lothian,/towns/broxburn/lothian/
lothian,/towns/currie/lothian/
lothian,/towns/dalkeith/lothian/
lothian,/towns/dunbar/lothian/
lothian,/towns/east-linton/lothian/
lothian,/towns/edinburgh/lothian/
lothian,/towns/gorebridge/lothian/
lothian,/towns/gullane/lothian/
lothian,/towns/haddington/lothian/
lothian,/towns/juniper-green/lothian/
lothian,/towns/kirkliston/lothian/
lothian,/towns/kirknewton/lothian/
lothian,/towns/lasswade/lothian/
lothian,/towns/linlithgow/lothian/
lothian,/towns/livingston/lothian/
lothian,/towns/loanhead/lothian/
lothian,/towns/longniddry/lothian/
lothian,/towns/musselburgh/lothian/
lothian,/towns/newbridge/lothian/
lothian,/towns/north-berwick/lothian/
lothian,/towns/pathhead/lothian/
lothian,/towns/penicuik/lothian/
lothian,/towns/prestonpans/lothian/
lothian,/towns/rosewell/lothian/
lothian,/towns/south-queensferry/lothian/
lothian,/towns/tranent/lothian/
lothian,/towns/west-calder/lothian/
merseyside,/towns/birkenhead/merseyside/
merseyside,/towns/bootle/merseyside/
merseyside,/towns/liverpool/merseyside/
merseyside,/towns/newtonlewillows/merseyside/
merseyside,/towns/prenton/merseyside/
merseyside,/towns/prescot/merseyside/
merseyside,/towns/southport/merseyside/
merseyside,/towns/st-helens/merseyside/
merseyside,/towns/wallasey/merseyside/
merseyside,/towns/wirral/merseyside/
mid-glamorgan,/towns/aberdare/mid-glamorgan/
mid-glamorgan,/towns/bargoed/mid-glamorgan/
mid-glamorgan,/towns/bridgend/mid-glamorgan/
mid-glamorgan,/towns/caerphilly/mid-glamorgan/
mid-glamorgan,/towns/ferndale/mid-glamorgan/
mid-glamorgan,/towns/hengoed/mid-glamorgan/
mid-glamorgan,/towns/maesteg/mid-glamorgan/
mid-glamorgan,/towns/merthyr-tydfil/mid-glamorgan/
mid-glamorgan,/towns/mountain-ash/mid-glamorgan/
mid-glamorgan,/towns/new-tredegar/mid-glamorgan/
mid-glamorgan,/towns/pentre/mid-glamorgan/
mid-glamorgan,/towns/pontyclun/mid-glamorgan/
mid-glamorgan,/towns/pontypridd/mid-glamorgan/
mid-glamorgan,/towns/porth/mid-glamorgan/
mid-glamorgan,/towns/porthcawl/mid-glamorgan/
mid-glamorgan,/towns/tonypandy/mid-glamorgan/
mid-glamorgan,/towns/treharris/mid-glamorgan/
mid-glamorgan,/towns/treorchy/mid-glamorgan/
norfolk,/towns/attleborough/norfolk/
norfolk,/towns/cromer/norfolk/
norfolk,/towns/dereham/norfolk/
norfolk,/towns/diss/norfolk/
norfolk,/towns/downham-market/norfolk/
norfolk,/towns/fakenham/norfolk/
norfolk,/towns/great-yarmouth/norfolk/
norfolk,/towns/harleston/norfolk/
norfolk,/towns/holt2/norfolk/
norfolk,/towns/hunstanton/norfolk/
norfolk,/towns/kings-lynn/norfolk/
norfolk,/towns/melton-constable/norfolk/
norfolk,/towns/north-walsham/norfolk/
norfolk,/towns/norwich/norfolk/
norfolk,/towns/sheringham/norfolk/
norfolk,/towns/swaffham/norfolk/
norfolk,/towns/thetford/norfolk/
norfolk,/towns/walsingham/norfolk/
norfolk,/towns/wellsnextthesea/norfolk/
norfolk,/towns/wymondham/norfolk/
north-yorkshire,/towns/bedale/north-yorkshire/
north-yorkshire,/towns/catterick-garrison/north-yorkshire/
north-yorkshire,/towns/filey/north-yorkshire/
north-yorkshire,/towns/guisborough/north-yorkshire/
north-yorkshire,/towns/harrogate/north-yorkshire/
north-yorkshire,/towns/hawes/north-yorkshire/
north-yorkshire,/towns/knaresborough/north-yorkshire/
north-yorkshire,/towns/leyburn/north-yorkshire/
north-yorkshire,/towns/malton/north-yorkshire/
north-yorkshire,/towns/middlesbrough/north-yorkshire/
north-yorkshire,/towns/northallerton/north-yorkshire/
north-yorkshire,/towns/pickering/north-yorkshire/
north-yorkshire,/towns/redcar/north-yorkshire/
north-yorkshire,/towns/richmond/north-yorkshire/
north-yorkshire,/towns/ripon/north-yorkshire/
north-yorkshire,/towns/saltburnbythesea/north-yorkshire/
north-yorkshire,/towns/scarborough/north-yorkshire/
north-yorkshire,/towns/selby/north-yorkshire/
north-yorkshire,/towns/settle/north-yorkshire/
north-yorkshire,/towns/skipton/north-yorkshire/
north-yorkshire,/towns/tadcaster/north-yorkshire/
north-yorkshire,/towns/thirsk/north-yorkshire/
north-yorkshire,/towns/whitby/north-yorkshire/
north-yorkshire,/towns/yarm/north-yorkshire/
north-yorkshire,/towns/york/north-yorkshire/
northamptonshire,/towns/brackley/northamptonshire/
northamptonshire,/towns/corby/northamptonshire/
northamptonshire,/towns/daventry/northamptonshire/
northamptonshire,/towns/kettering/northamptonshire/
northamptonshire,/towns/northampton/northamptonshire/
northamptonshire,/towns/rushden/northamptonshire/
northamptonshire,/towns/towcester/northamptonshire/
northamptonshire,/towns/wellingborough/northamptonshire/
northumberland,/towns/alnwick/northumberland/
northumberland,/towns/ashington/northumberland/
northumberland,/towns/bamburgh/northumberland/
northumberland,/towns/bedlington/northumberland/
northumberland,/towns/belford/northumberland/
northumberland,/towns/berwickupontweed/northumberland/
northumberland,/towns/blyth/northumberland/
northumberland,/towns/chathill/northumberland/
northumberland,/towns/choppington/northumberland/
northumberland,/towns/corbridge/northumberland/
northumberland,/towns/cornhillontweed/northumberland/
northumberland,/towns/cramlington/northumberland/
northumberland,/towns/haltwhistle/northumberland/
northumberland,/towns/hexham/northumberland/
northumberland,/towns/morpeth/northumberland/
northumberland,/towns/newbigginbythesea/northumberland/
northumberland,/towns/prudhoe/northumberland/
northumberland,/towns/seahouses/northumberland/
northumberland,/towns/stocksfield/northumberland/
northumberland,/towns/wooler/northumberland/
northumberland,/towns/wylam/northumberland/
nottinghamshire,/towns/mansfield/nottinghamshire/
nottinghamshire,/towns/newark/nottinghamshire/
nottinghamshire,/towns/nottingham/nottinghamshire/
nottinghamshire,/towns/retford/nottinghamshire/
nottinghamshire,/towns/southwell/nottinghamshire/
nottinghamshire,/towns/suttoninashfield/nottinghamshire/
nottinghamshire,/towns/worksop/nottinghamshire/
orkney,/towns/kirkwall/orkney/
orkney,/towns/orkney-villages/orkney/
orkney,/towns/stromness/orkney/
oxfordshire,/towns/abingdon/oxfordshire/
oxfordshire,/towns/bampton/oxfordshire/
oxfordshire,/towns/banbury/oxfordshire/
oxfordshire,/towns/bicester/oxfordshire/
oxfordshire,/towns/burford/oxfordshire/
oxfordshire,/towns/carterton/oxfordshire/
oxfordshire,/towns/chinnor/oxfordshire/
oxfordshire,/towns/chipping-norton/oxfordshire/
oxfordshire,/towns/didcot/oxfordshire/
oxfordshire,/towns/faringdon/oxfordshire/
oxfordshire,/towns/henleyonthames/oxfordshire/
oxfordshire,/towns/kidlington/oxfordshire/
oxfordshire,/towns/oxford/oxfordshire/
oxfordshire,/towns/thame/oxfordshire/
oxfordshire,/towns/wallingford/oxfordshire/
oxfordshire,/towns/wantage/oxfordshire/
oxfordshire,/towns/watlington/oxfordshire/
oxfordshire,/towns/witney/oxfordshire/
oxfordshire,/towns/woodstock/oxfordshire/
powys,/towns/brecon/powys/
powys,/towns/builth-wells/powys/
powys,/towns/caersws/powys/
powys,/towns/crickhowell/powys/
powys,/towns/knighton/powys/
powys,/towns/llanbrynmair/powys/
powys,/towns/llandrindod-wells/powys/
powys,/towns/llanfyllin/powys/
powys,/towns/llanidloes/powys/
powys,/towns/llansantffraid/powys/
powys,/towns/llanwrtyd-wells/powys/
powys,/towns/machynlleth/powys/
powys,/towns/meifod/powys/
powys,/towns/montgomery/powys/
powys,/towns/newtown/powys/
powys,/towns/presteigne/powys/
powys,/towns/rhayader/powys/
powys,/towns/welshpool/powys/
rutland,/towns/oakham/rutland/
shetland,/towns/lerwick/shetland/
shetland,/towns/shetland/shetland/
shropshire,/towns/bishops-castle/shropshire/
shropshire,/towns/bridgnorth/shropshire/
shropshire,/towns/broseley/shropshire/
shropshire,/towns/church-stretton/shropshire/
shropshire,/towns/craven-arms/shropshire/
shropshire,/towns/ellesmere/shropshire/
shropshire,/towns/llanymynech/shropshire/
shropshire,/towns/ludlow/shropshire/
shropshire,/towns/market-drayton/shropshire/
shropshire,/towns/much-wenlock/shropshire/
shropshire,/towns/newport/shropshire/
shropshire,/towns/oswestry/shropshire/
shropshire,/towns/shifnal/shropshire/
shropshire,/towns/shrewsbury/shropshire/
shropshire,/towns/telford/shropshire/
shropshire,/towns/whitchurch/shropshire/
somerset,/towns/axbridge/somerset/
somerset,/towns/bath/somerset/
somerset,/towns/bridgwater/somerset/
somerset,/towns/bruton/somerset/
somerset,/towns/burnhamonsea/somerset/
somerset,/towns/castle-cary/somerset/
somerset,/towns/chard/somerset/
somerset,/towns/cheddar/somerset/
somerset,/towns/clevedon/somerset/
somerset,/towns/crewkerne/somerset/
somerset,/towns/dulverton/somerset/
somerset,/towns/frome/somerset/
somerset,/towns/glastonbury/somerset/
somerset,/towns/highbridge/somerset/
somerset,/towns/hinton-st-george/somerset/
somerset,/towns/ilminster/somerset/
somerset,/towns/langport/somerset/
somerset,/towns/martock/somerset/
somerset,/towns/merriott/somerset/
somerset,/towns/minehead/somerset/
somerset,/towns/montacute/somerset/
somerset,/towns/radstock/somerset/
somerset,/towns/shepton-mallet/somerset/
somerset,/towns/somerton/somerset/
somerset,/towns/south-petherton/somerset/
somerset,/towns/stokesubhamdon/somerset/
somerset,/towns/street/somerset/
somerset,/towns/taunton/somerset/
somerset,/towns/templecombe/somerset/
somerset,/towns/watchet/somerset/
somerset,/towns/wedmore/somerset/
somerset,/towns/wellington/somerset/
somerset,/towns/wells/somerset/
somerset,/towns/weston-super-mare/somerset/
somerset,/towns/wincanton/somerset/
somerset,/towns/winscombe/somerset/
somerset,/towns/yeovil/somerset/
south-glamorgan,/towns/barry/south-glamorgan/
south-glamorgan,/towns/cardiff/south-glamorgan/
south-glamorgan,/towns/cowbridge/south-glamorgan/
south-glamorgan,/towns/dinas-powys/south-glamorgan/
south-glamorgan,/towns/llantwit-major/south-glamorgan/
south-glamorgan,/towns/penarth/south-glamorgan/
south-yorkshire,/towns/barnsley/south-yorkshire/
south-yorkshire,/towns/doncaster/south-yorkshire/
south-yorkshire,/towns/mexborough/south-yorkshire/
south-yorkshire,/towns/rotherham/south-yorkshire/
south-yorkshire,/towns/sheffield/south-yorkshire/
staffordshire,/towns/burntwood/staffordshire/
staffordshire,/towns/burton-on-trent/staffordshire/
staffordshire,/towns/cannock/staffordshire/
staffordshire,/towns/leek/staffordshire/
staffordshire,/towns/lichfield/staffordshire/
staffordshire,/towns/newcastle-under-lyme/staffordshire/
staffordshire,/towns/rugeley/staffordshire/
staffordshire,/towns/stafford/staffordshire/
staffordshire,/towns/stokeontrent/staffordshire/
staffordshire,/towns/stone/staffordshire/
staffordshire,/towns/tamworth/staffordshire/
staffordshire,/towns/uttoxeter/staffordshire/
strathclyde,/towns/airdrie/strathclyde/
strathclyde,/towns/alexandria/strathclyde/
strathclyde,/towns/appin/strathclyde/
strathclyde,/towns/ardrossan/strathclyde/
strathclyde,/towns/arrochar/strathclyde/
strathclyde,/towns/ayr/strathclyde/
strathclyde,/towns/ballygrant/strathclyde/
strathclyde,/towns/beith/strathclyde/
strathclyde,/towns/bellshill/strathclyde/
strathclyde,/towns/biggar/strathclyde/
strathclyde,/towns/bishopton/strathclyde/
strathclyde,/towns/bowmore/strathclyde/
strathclyde,/towns/bridge-of-orchy/strathclyde/
strathclyde,/towns/bridge-of-weir/strathclyde/
strathclyde,/towns/cairndow/strathclyde/
strathclyde,/towns/campbeltown/strathclyde/
strathclyde,/towns/carluke/strathclyde/
strathclyde,/towns/clydebank/strathclyde/
strathclyde,/towns/coatbridge/strathclyde/
strathclyde,/towns/colintraive/strathclyde/
strathclyde,/towns/cumnock/strathclyde/
strathclyde,/towns/dalmally/strathclyde/
strathclyde,/towns/dalry/strathclyde/
strathclyde,/towns/darvel/strathclyde/
strathclyde,/towns/dumbarton/strathclyde/
strathclyde,/towns/dunoon/strathclyde/
strathclyde,/towns/erskine/strathclyde/
strathclyde,/towns/galston/strathclyde/
strathclyde,/towns/girvan/strathclyde/
strathclyde,/towns/glasgow/strathclyde/
strathclyde,/towns/gourock/strathclyde/
strathclyde,/towns/greenock/strathclyde/
strathclyde,/towns/hamilton/strathclyde/
strathclyde,/towns/helensburgh/strathclyde/
strathclyde,/towns/inveraray/strathclyde/
strathclyde,/towns/irvine/strathclyde/
strathclyde,/towns/isle-of-arran/strathclyde/
strathclyde,/towns/isle-of-coll/strathclyde/
strathclyde,/towns/isle-of-islay/strathclyde/
strathclyde,/towns/johnstone/strathclyde/
strathclyde,/towns/kilbirnie/strathclyde/
strathclyde,/towns/kilmarnock/strathclyde/
strathclyde,/towns/kilwinning/strathclyde/
strathclyde,/towns/lanark/strathclyde/
strathclyde,/towns/largs/strathclyde/
strathclyde,/towns/larkhall/strathclyde/
strathclyde,/towns/lochgilphead/strathclyde/
strathclyde,/towns/lochwinnoch/strathclyde/
strathclyde,/towns/mauchline/strathclyde/
strathclyde,/towns/maybole/strathclyde/
strathclyde,/towns/millport/strathclyde/
strathclyde,/towns/motherwell/strathclyde/
strathclyde,/towns/newmilns/strathclyde/
strathclyde,/towns/oban/strathclyde/
strathclyde,/towns/paisley/strathclyde/
strathclyde,/towns/port-charlotte/strathclyde/
strathclyde,/towns/port-ellen/strathclyde/
strathclyde,/towns/port-glasgow/strathclyde/
strathclyde,/towns/portnahaven/strathclyde/
strathclyde,/towns/prestwick/strathclyde/
strathclyde,/towns/renfrew/strathclyde/
strathclyde,/towns/rothesay/strathclyde/
strathclyde,/towns/saltcoats/strathclyde/
strathclyde,/towns/shotts/strathclyde/
strathclyde,/towns/stevenston/strathclyde/
strathclyde,/towns/strathaven/strathclyde/
strathclyde,/towns/tarbert/strathclyde/
strathclyde,/towns/taynuilt/strathclyde/
strathclyde,/towns/tighnabruaich/strathclyde/
strathclyde,/towns/troon/strathclyde/
strathclyde,/towns/wemyss-bay/strathclyde/
strathclyde,/towns/west-kilbride/strathclyde/
strathclyde,/towns/wishaw/strathclyde/
suffolk,/towns/aldeburgh/suffolk/
suffolk,/towns/beccles/suffolk/
suffolk,/towns/brandon/suffolk/
suffolk,/towns/bungay/suffolk/
suffolk,/towns/bury-st-edmunds/suffolk/
suffolk,/towns/eye/suffolk/
suffolk,/towns/felixstowe/suffolk/
suffolk,/towns/halesworth/suffolk/
suffolk,/towns/haverhill/suffolk/
suffolk,/towns/ipswich/suffolk/
suffolk,/towns/leiston/suffolk/
suffolk,/towns/lowestoft/suffolk/
suffolk,/towns/newmarket2/suffolk/
suffolk,/towns/saxmundham/suffolk/
suffolk,/towns/southwold/suffolk/
suffolk,/towns/stowmarket/suffolk/
suffolk,/towns/sudbury/suffolk/
suffolk,/towns/woodbridge/suffolk/
surrey,/towns/addlestone/surrey/
surrey,/towns/ashford/surrey/
surrey,/towns/ashtead/surrey/
surrey,/towns/bagshot/surrey/
surrey,/towns/banstead/surrey/
surrey,/towns/betchworth/surrey/
surrey,/towns/camberley/surrey/
surrey,/towns/caterham/surrey/
surrey,/towns/chertsey/surrey/
surrey,/towns/cobham/surrey/
surrey,/towns/coulsdon/surrey/
surrey,/towns/cranleigh/surrey/
surrey,/towns/dorking/surrey/
surrey,/towns/east-molesey/surrey/
surrey,/towns/egham/surrey/
surrey,/towns/epsom/surrey/
surrey,/towns/esher/surrey/
surrey,/towns/farnham/surrey/
surrey,/towns/godalming/surrey/
surrey,/towns/godstone/surrey/
surrey,/towns/guildford/surrey/
surrey,/towns/haslemere/surrey/
surrey,/towns/hindhead/surrey/
surrey,/towns/horley/surrey/
surrey,/towns/leatherhead/surrey/
surrey,/towns/lightwater/surrey/
surrey,/towns/lingfield/surrey/
surrey,/towns/oxted/surrey/
surrey,/towns/redhill/surrey/
surrey,/towns/reigate/surrey/
surrey,/towns/shepperton/surrey/
surrey,/towns/staines/surrey/
surrey,/towns/sunburyonthames/surrey/
surrey,/towns/tadworth/surrey/
surrey,/towns/thames-ditton/surrey/
surrey,/towns/virginia-water/surrey/
surrey,/towns/walton-on-thames/surrey/
surrey,/towns/warlingham/surrey/
surrey,/towns/west-byfleet/surrey/
surrey,/towns/west-molesey/surrey/
surrey,/towns/weybridge/surrey/
surrey,/towns/windlesham/surrey/
surrey,/towns/woking/surrey/
tayside,/towns/aberfeldy/tayside/
tayside,/towns/arbroath/tayside/
tayside,/towns/auchterarder/tayside/
tayside,/towns/blairgowrie/tayside/
tayside,/towns/brechin/tayside/
tayside,/towns/carnoustie/tayside/
tayside,/towns/crieff/tayside/
tayside,/towns/dundee/tayside/
tayside,/towns/dunkeld/tayside/
tayside,/towns/forfar/tayside/
tayside,/towns/kinross/tayside/
tayside,/towns/kirriemuir/tayside/
tayside,/towns/montrose/tayside/
tayside,/towns/perth/tayside/
tayside,/towns/pitlochry/tayside/
tayside,/towns/roy-bridge/tayside/
tyne-wear,/towns/blaydonontyne/tyne-wear/
tyne-wear,/towns/boldon-colliery/tyne-wear/
tyne-wear,/towns/east-boldon/tyne-wear/
tyne-wear,/towns/gateshead/tyne-wear/
tyne-wear,/towns/hebburn/tyne-wear/
tyne-wear,/towns/houghton-le-spring/tyne-wear/
tyne-wear,/towns/jarrow/tyne-wear/
tyne-wear,/towns/newcastle-upon-tyne/tyne-wear/
tyne-wear,/towns/north-shields/tyne-wear/
tyne-wear,/towns/ryton/tyne-wear/
tyne-wear,/towns/south-shields/tyne-wear/
tyne-wear,/towns/sunderland/tyne-wear/
tyne-wear,/towns/wallsend/tyne-wear/
tyne-wear,/towns/washington/tyne-wear/
tyne-wear,/towns/whitley-bay/tyne-wear/
warwickshire,/towns/alcester/warwickshire/
warwickshire,/towns/atherstone/warwickshire/
warwickshire,/towns/bedworth/warwickshire/
warwickshire,/towns/henley-in-arden/warwickshire/
warwickshire,/towns/kenilworth/warwickshire/
warwickshire,/towns/leamington-spa/warwickshire/
warwickshire,/towns/nuneaton/warwickshire/
warwickshire,/towns/rugby/warwickshire/
warwickshire,/towns/shipstononstour/warwickshire/
warwickshire,/towns/southam/warwickshire/
warwickshire,/towns/stratforduponavon/warwickshire/
warwickshire,/towns/studley/warwickshire/
warwickshire,/towns/warwick/warwickshire/
west-glamorgan,/towns/neath/west-glamorgan/
west-glamorgan,/towns/port-talbot/west-glamorgan/
west-glamorgan,/towns/swansea/west-glamorgan/
west-midlands,/towns/bilston/west-midlands/
west-midlands,/towns/birmingham/west-midlands/
west-midlands,/towns/brierley-hill/west-midlands/
west-midlands,/towns/coventry/west-midlands/
west-midlands,/towns/cradley-heath/west-midlands/
west-midlands,/towns/dudley/west-midlands/
west-midlands,/towns/halesowen/west-midlands/
west-midlands,/towns/kingswinford/west-midlands/
west-midlands,/towns/oldbury/west-midlands/
west-midlands,/towns/rowley-regis/west-midlands/
west-midlands,/towns/smethwick/west-midlands/
west-midlands,/towns/solihull/west-midlands/
west-midlands,/towns/stourbridge/west-midlands/
west-midlands,/towns/sutton-coldfield/west-midlands/
west-midlands,/towns/tipton/west-midlands/
west-midlands,/towns/walsall/west-midlands/
west-midlands,/towns/wednesbury/west-midlands/
west-midlands,/towns/west-bromwich/west-midlands/
west-midlands,/towns/willenhall/west-midlands/
west-midlands,/towns/wolverhampton/west-midlands/
west-sussex,/towns/arundel/west-sussex/
west-sussex,/towns/billingshurst/west-sussex/
west-sussex,/towns/bognor-regis/west-sussex/
west-sussex,/towns/burgess-hill/west-sussex/
west-sussex,/towns/chichester/west-sussex/
west-sussex,/towns/crawley/west-sussex/
west-sussex,/towns/east-grinstead/west-sussex/
west-sussex,/towns/hassocks/west-sussex/
west-sussex,/towns/haywards-heath/west-sussex/
west-sussex,/towns/henfield/west-sussex/
west-sussex,/towns/horsham/west-sussex/
west-sussex,/towns/lancing/west-sussex/
west-sussex,/towns/littlehampton/west-sussex/
west-sussex,/towns/midhurst/west-sussex/
west-sussex,/towns/petworth/west-sussex/
west-sussex,/towns/pulborough/west-sussex/
west-sussex,/towns/shorehambysea/west-sussex/
west-sussex,/towns/steyning/west-sussex/
west-sussex,/towns/worthing/west-sussex/
west-yorkshire,/towns/batley/west-yorkshire/
west-yorkshire,/towns/bingley/west-yorkshire/
west-yorkshire,/towns/bradford/west-yorkshire/
west-yorkshire,/towns/brighouse/west-yorkshire/
west-yorkshire,/towns/castleford/west-yorkshire/
west-yorkshire,/towns/cleckheaton/west-yorkshire/
west-yorkshire,/towns/dewsbury/west-yorkshire/
west-yorkshire,/towns/elland/west-yorkshire/
west-yorkshire,/towns/halifax/west-yorkshire/
west-yorkshire,/towns/hebden-bridge/west-yorkshire/
west-yorkshire,/towns/heckmondwike/west-yorkshire/
west-yorkshire,/towns/holmfirth/west-yorkshire/
west-yorkshire,/towns/huddersfield/west-yorkshire/
west-yorkshire,/towns/ilkley/west-yorkshire/
west-yorkshire,/towns/keighley/west-yorkshire/
west-yorkshire,/towns/knottingley/west-yorkshire/
west-yorkshire,/towns/leeds/west-yorkshire/
west-yorkshire,/towns/liversedge/west-yorkshire/
west-yorkshire,/towns/mirfield/west-yorkshire/
west-yorkshire,/towns/normanton/west-yorkshire/
west-yorkshire,/towns/ossett/west-yorkshire/
west-yorkshire,/towns/otley/west-yorkshire/
west-yorkshire,/towns/pontefract/west-yorkshire/
west-yorkshire,/towns/pudsey/west-yorkshire/
west-yorkshire,/towns/shipley/west-yorkshire/
west-yorkshire,/towns/sowerby-bridge/west-yorkshire/
west-yorkshire,/towns/todmorden/west-yorkshire/
west-yorkshire,/towns/wakefield/west-yorkshire/
west-yorkshire,/towns/wetherby/west-yorkshire/
western-isles,/towns/barra/western-isles/
western-isles,/towns/benbecula/western-isles/
western-isles,/towns/harris/western-isles/
western-isles,/towns/lewis/western-isles/
western-isles,/towns/north-uist/western-isles/
western-isles,/towns/south-uist/western-isles/
wiltshire,/towns/bradfordonavon/wiltshire/
wiltshire,/towns/calne/wiltshire/
wiltshire,/towns/chippenham/wiltshire/
wiltshire,/towns/corsham/wiltshire/
wiltshire,/towns/devizes/wiltshire/
wiltshire,/towns/lechlade/wiltshire/
wiltshire,/towns/malmesbury/wiltshire/
wiltshire,/towns/marlborough/wiltshire/
wiltshire,/towns/melksham/wiltshire/
wiltshire,/towns/pewsey/wiltshire/
wiltshire,/towns/salisbury/wiltshire/
wiltshire,/towns/swindon/wiltshire/
wiltshire,/towns/tidworth/wiltshire/
wiltshire,/towns/trowbridge/wiltshire/
wiltshire,/towns/warminster/wiltshire/
wiltshire,/towns/westbury/wiltshire/
worcestershire,/towns/bewdley2/worcestershire/
worcestershire,/towns/broadway/worcestershire/
worcestershire,/towns/bromsgrove/worcestershire/
worcestershire,/towns/droitwich/worcestershire/
worcestershire,/towns/evesham/worcestershire/
worcestershire,/towns/kidderminster/worcestershire/
worcestershire,/towns/malvern/worcestershire/
worcestershire,/towns/pershore/worcestershire/
worcestershire,/towns/redditch/worcestershire/
worcestershire,/towns/stourportonsevern/worcestershire/
worcestershire,/towns/tenbury-wells/worcestershire/
worcestershire,/towns/worcester/worcestershire/